" "," "
" But cart has some errors.","אבל יש שגיאות בעגלה"
"""Description"" is more than %d characters long","""תיאור"" הוא באורך של יותר מ %d  תווים"
"""Title"" is more than %d characters long","""כותרת"" היא באורך של יותר מ %d תוויפ"
"%1$s has been added to your wishlist.","%1$s התווסף לרשימת המשאלות שלך."
"%1$s incl tax.","%1$s כולל מע""מ."
"%s API Key required.","%s  מפתח API נדרש."
"%s Application ID required.","%s נדרש קוד אפליקציה."
"%s Secret Key required.","%s מפתח סודי נדרש."
"%s has been added to your cart.","%s התווסף לעגלת הקניות שלך."
"(Includes more countries than those listed below. As the application owner, you are responsible for complying with country-specific laws related to the distribution or sale of your application into that country, including your home country.)","(כולל יותר מדינות .כבעל האפליקציה, אתה אחראי לעמוד בדרישות החוקיות שנוגעות להפצה ומחירה של האפליקציה במדינות שלך.)"
"10:40 AM","10:40 AM"
"80px x 80px","80px x 80px"
"80x80 px","80x80 px"
"A Catalog Only App will not support functions such as add to cart, add to wishlist, or login.","אפליקציה לקטלוג בלבד לא תתמוך בפעולות כנו הוספה לעגלה, רשימת משאלות או התחברות."
"A new password has been sent.","נשלחה סיסמא חדשה"
"Account","חשבון"
"Account confirmation is required. Please check your email for the confirmation link.","אישור חשבון נידרש. היכנס לדו""אל האישור ולחץ על הקישור."
"Account information has been saved.","פרטי חשבון נשמרו בהצלחה"
"Action","פעולה"
"Activate","הפעל"
"Activate PayPal Checkout","הפל צ'ק אאוט PayPal "
"Activation Key","מפתח הפעלה"
"Add App","הוסף אפליקציה."
"Add New Template","הוסף תבנית חדשה"
"Add Page","הוסף עמוד."
"Add to Cart","הוסף לסל"
"Add to Wishlist","הוסף ל wishlist"
"Additional Address","כתובת נוספת"
"Additional Countries","מדינות נוספות."
"Address","כתובת"
"Address 2","כתובת שנייה"
"Address data not specified.","פרטי כתובת לא צוינו."
"Address does not belong to this customer.","הכתובת לא שייכות ללקוח הנבחר."
"Address has been deleted.","הכתובת נמחקה"
"Address has been saved.","הכתובת נשמרה"
"Administrative contact for this app and for app submission issues.","פרטי מנהל לאפליקציה ולנושאי רישום"
"Advanced Settings","הגדרות מתקדמות"
"After submitting the App, please contact <a href=""mailto:%1$s"">%1$s</a> to receive the Application Key, Application Secret and Application Master Secret.<br />Upon receiving these credentials, please fill in the corresponding fields.<br />In addition, please accept Urban Airship\'s Terms of Service: <a href=""%2$s"" target=""_blank"">click here</a>.","לאחר רישום לאפליקציה הזאת, אנא צור קשר  <a href=""mailto:%1$s"">%1$s</a> כדי לקבל מפתח הפעלה, קוד סודי של אפליקציה וקוד ראשי  .<br />לאחר הקבלה של אישורים אלה , מלא את השדות הנוספים.<br />בנוסף, אנא קבל את תנאי השימוש של  Urban Airship\'s : <a href=""%2$s"" target=""_blank"">לחץ here</a>."
"AirMail Message Queue","תור הודעה AirMail "
"AirMail Messages Queue"," תור הודעות AirMail  "
"AirMail Template Preview","תצוגה מקדימה של תבניות AirMail"
"AirMail message","הודעות AirMail "
"AirMail templates","תבניות AirMail"
"All locations","כל המיקומים"
"An account with this email address already exists.","חשבון עם כתוב הדוא""ל שבחרת קיים כבר"
"An error occurred while adding item to wishlist.","ארעה שגיאה במהלך הוספת פריט לרשימת משאלות ."
"An error occurred while deleting the address.","ארעה שגיאה במהלך מחיקת הכתובת ."
"An error occurred while loading category filters.","ארעה שגיאה במהלך טעינת פילטר קטגוריה."
"An error occurred while processing your order. Please contact us or try again later.","ארעה שגיאה במהלך עיבוד ההזמנה שלך. אנא צור קשר או נסה שנית מאוחר יותר ."
"An error occurred while processing your request.","ארעה שגיאה במהלך עיבוד הבקשה שלך."
"An error occurred while removing item from wishlist.","ארעה שגיאה במהלך הסרת פריט מרשימת משאלות ."
"An error occurred while removing items from wishlist.","ארעה שגיאה במהלך הסרת פריטים מרשימת משאלות ."
"Analytics","Analytics"
"Android","Android"
"App Background","הוסף רקע"
"App Background (landscape mode).","הוסף רקע (מצב נוף)."
"App Background (portrait mode).","הוסף רקע (מצב פורטרט)."
"App Background <br />(landscape mode)","הוסף רקע <br />(מצב נוף)"
"App Background <br />(portrait mode)","הוסף רקע <br />(מוד פורטרט)"
"App Background image missing.","הוסף תמונת רקע חסרה."
"App Code","קוד אפליקציה"
"App Information","פרטי אפליקציה"
"App Name","שם אפליקציה"
"App Stores","חנויות אפליקציה"
"App Submission History","היסטורית רישום אפליקציה"
"App Title","כותרת אפליקציה"
"App code required.","קוד אפליקציה נדרש"
"App does not exist.","אפליקציה לא קיימת"
"App has been deleted.","האפליקציה נמחקה"
"App has been saved.","האפליקציה נשמרה"
"App has been submitted.","ביצעת רישום לאפליקציה"
"App model not loaded.","מודל אפליקציה לא נטען."
"App with specified code does not exist.","אפליקציה עם קוד שהוזן לא קיימת."
"Appears in the info section of your app (example: Copyright 2010 – Your Company, Inc.)","מופיע במקטע אודות האפליקציה שלך (לדוגמא: Copyright 2010 – Your Company, Inc.)"
"Application","אפליקציה"
"Application Key","מפתח אפליקציה"
"Application Master Secret","סוד ראשי של אפליקציה"
"Application Name","שם אפליקציה"
"Application Secret","סוד אפליקציה"
"Apply will automatically resize this image for display in the App Store and on users’ devices.  A gloss (i.e. gradient) will also be applied, so you do not need to apply a gradient.  Image must be at least 512x512","הפעלה תתאים אוטומטית את התמונה לתצוגה בחנות אצל כלל המשתמשים. כל ההתאמות יבוצעו באופן אוטומטי ואין צורך להפעיל gradient. התמונה חייבת להיות לפחות 512x512"
"Are you sure you whant to cancel a message?","האם אתה שבטוח שאתה רוצה למחוק את ההודעה?"
"Are you sure you whant to delete a message?","האם אתה שבטוח שאתה רוצה למחוק את ההודעה?"
"Are you sure you what to cancel selected records?","האם אתה בטוח שאתה רוצה לבטל את הרשומות הנבחרות?"
"Are you sure you what to delete selected records?","האם אתה בטוח שאתה רוצה למחוק את הרשומות שנבחרו?"
"Authentication complete.","תהליך אישור הסתיים"
"Back","חזור"
"Back to App Edit","חזור לעריכת אפליקציה"
"Background Color","צבע רקע"
"Banner on Home Screen","באנר בתצוגת בית"
"Banner on Home Screen image missing.","באנר בתצוגת בית כאשר התמונה חסרה"
"Billing address has been set.","הוגדרה כתובת לחיוב"
"Buy %1$s for %2$s","קנה %1$s עבור %2$s"
"Buy %1$s for %2$s (%3$s incl. tax) each","קנה %1$s עבור %2$s (כולל מס %3$s) ליחידה"
"Buy %1$s for %2$s each","קנה %1$s עבור %2$s ליחידה"
"Buyer country is not allowed by store.","המדיה של הקונה לא מאושרת על ידי החנות"
"Cache Lifetime (seconds)","Cache אורך חיי (שניות)"
"Cache Management","ניהול זכרון מטמון"
"Can\'t add item to shopping cart.","לא ניתן להוסיף פריט לעגלת קניות"
"Can\'t apply the coupon code.","לא ניתן להפעיל קוד קופון"
"Can\'t copy file ""%s"" to ""%s"".","לא ניתן להעתיק קובץ  ""%s"" ל ""%s""."
"Can\'t create wishlist.","לא ניתן ליצור רשימת משאלות"
"Can\'t load XML.","לא ניתן לטעון XML."
"Can\'t load application with code ""%s""","לא ניתן לטעון אפליקציה עם קוד ""%s"""
"Can\'t open submission form.","לא ניתן לפתוח טופס רישום"
"Can\'t read file ""%s"".","לא ניתן לקרוא קובץ ""%s""."
"Can\'t remove the item.","לא ניתן להסיר את הפריט"
"Can\'t reset theme.","לא ניתן לאחזר תבנית עיצוב"
"Can\'t save address.","לא ניתן לשמור כתובת"
"Can\'t save the customer.","לא ניתן לשמור את הלקוח."
"Can\'t save theme.","לא ניתן לשמור תבנית עיצוב"
"Can\'t show configuration.","לא ניתן להציג תצוגה"
"Can\'t specify product.","לא ניתן לבחור במוצר"
"Can\'t submit application.","לא ניתן לבצע רישום של אפליקציה"
"Can\'t update cart.","לא ניתן לעדכן עגלת קניות"
"Can\'t write to file ""%s"".","לא ניתן לכתוב על הקובץ ""%s""."
"Cancel","בטל"
"Canceled","בוטל"
"Cancelled","בוטל"
"Cannot load theme ""%s"".","לא ניתן לטעון תבנית עיצוב ""%s""."
"Cannot save theme ""%s"". Incorrect data received","לא ניתן לשמור את תבנית העיצוב ""%s"". התקבל מידע לא תקין"
"Card Verification Number","מספר CVV של הכרטיס"
"Card verification number is wrong","מספר אישור כרטיס שגוי"
"Carrier","משלח"
"Cart","עגלת קניות"
"Cart has been updated.","עגלת קניות עודכנה בהצלחה"
"Cart has some errors.","יש מספר שגיאות בעגלת הקניות"
"Cart is empty.","עגלת הקניות ריקה"
"Catalog Only App?","אפליקציית קטלוג בלבד"
"Category Button Color","צבע כפתור קטגוריה"
"Category Item Background Color","צבע רקע כפתור קטגוריה"
"Chairs","מושבים"
"Change Orientation","שנה אוריינטציה"
"Change Password","שנה סיסמא"
"Changes have been saved to theme.","השינויים בתבנית העיצוב נשמרו."
"Checkout has been initialized.","תהליך צ'ק אאוט החל."
"City","עיר"
"Color Themes","צבעי תבנית עיצוב"
"Colors","צבעים"
"Company","חברה"
"Completed","הסתיים"
"Confirm New Password","אשר סיסמא חדשה"
"Confirm Password","אימות סיסמא"
"Contact Email","Contact Email"
"Contact Information","מידע ליצירת קשר"
"Content","תוכן"
"Copyright","זכויות יוצרים"
"Copyright Page Logo"," דף לוגו זכויות יוצרים"
"Copyright Page Logo <br />(iPhone 4 retina)"," דף לוגו זכויות יוצרים <br />(iPhone 4 retina)"
"Copyright page logo"," דף לוגו זכויות יוצרים"
"Country","ארץ"
"Country options don\'t recognized for ""%s"".","אפשרות המדינה לא מוכרת עבור ""%s""."
"Coupon code %s is not valid.","קוד הקופון  %s לא תקין."
"Coupon code %s was applied.","קוד קופון %s הופעל."
"Coupon code is empty.","קוד קופון ריק."
"Coupon code was canceled.","קוד קופון בוטל"
"Creating a Template is allowed only for applications which have device type iPhone.","יצירת תבנית מותרת אך ורק לאפליקציות עבור iPhone . "
"Credit Card Number","מספר כרטיס אשראי"
"Credit Card Type","סוג כרטיס אשראי"
"Credit card number does not match credit card type.","מספר כרטיס אשראי לא תואם את סוג הכרטיס."
"Current Password","סיסמא נוכחית"
"Currently, PayPal MEP is not available for the Android application","כרגע, PayPal MEP לא אפשרי עבור אפליקציות אנדרואיד"
"Custom App Icon","אייקון אפליקציה מותאם."
"Custom App Icon <br />(iPhone 4 retina)","אייקון אפליקציה מותאם. <br />(iPhone 4 retina)"
"Custom Colors","צבעים מותאמים אישית"
"Custom application icon","אייקון אפליקציה מותאם"
"Customer authentication problem.","שגיאה באישור לקוח."
"Customer email not specified.","לא צוין דוא""ל לקוח."
"Customer logout problem.","שיגאה בהתנתקות לקוח."
"Customer not logged in.","לקוח לא מחובר"
"Date Created","תאריך יצירה"
"Date Submitted","תאריך רישום"
"Date Updated","תאריך עדכון/תאריך עודכן"
"Default Billing Address","כתובת ברירת המחדל לחיוב"
"Default Shipping Address","כתובת ברירת המחדל למשלוח"
"Default Theme","תבנית עיצוב ברירת מחדל"
"Delete","מחק/מחיקה"
"Deleted","נמחק"
"Description","תיאור"
"Description that appears in Android Market. %s chars maximum. ","תיאור שמופיע בחנות אנדרויג .מקסימום  %s תווים. "
"Description that appears in the iTunes App Store. %s chars maximum. ","תיאור שמופיע בחנות אפליקציות  iTunes  .מקסימום  %s  תווים. "
"Deselect All","בטל בחירה מרובה"
"Design","עיצוב"
"Device","מכשיר"
"Device Information","פרטי מכשיר"
"Device Type","סוג מכשיר"
"Device doesn\'t recognized. Unable to load a template.","מכשיר לא מוכר. לא ניתן לטעון תבנית."
"Device doesn\'t recognized: ""%s"". Unable to load a helper.","מכשיר לא מוכר: ""%s"". לא ניתן לטעון עזרה."
"Device doesn\'t recognized: ""%s"". Unable to load preview model.","מכשיר לא מוכר: ""%s"" .לא ניתן לטעון תצוגת מודל."
"Edit","ערוך"
"Edit AirMail Message","ערוך הודעת  AirMail "
"Edit AirMail Message Queue #%s","ערוך תור הודעות  AirMail  #%s"
"Edit App ""%s""","ערוך אפליקציה ""%s"""
"Edit Filter","ערוך מסנן"
"Edit Template ""%s""","ערוך תבנית ""%s"""
"Email","מייל"
"Email Address","כתובת אי-מייל"
"Enable AirMail Message Push notification","אפשר הודעת דחיפה של  AirMail "
"Enable Facebook","אפשר Facebook"
"Enable Flurry Analytics","אפשר Flurry Analytics"
"Enable Flurry Analytics for the merchant.","אפשר Flurry Analytics עבור הסוחר."
"Enable LinkedIn","אפשר LinkedIn"
"Enable Standard Checkout","אפשר צ'ק אאוט רגיל"
"Enable Twitter","אפשר Twitter"
"Error while processing file ""%s"".","שגיאה בעיבוד הקובץ ""%s""."
"Error while reading data from Payment Bridge. Please, try again.","שגיאה במהלך קריאת מידע מ Payment Bridge. אנא, נסה שנית."
"Error while uploading file ""%s"".","שגיאה במהלך העלאת הקובץ ""%s""."
"Error while uploading file ""%s"". Disallowed file type. Only ""jpg"", ""jpeg"", ""gif"", ""png"" are allowed.","שגיאה בהעלאת הקובץ ""%s"". סוג קובץ לא נתמך . רק קבצים מסוג  ""jpg"", ""jpeg"", ""gif"", ""png"" נתמכים."
"Error.","שגיאה."
"Expiration Date - Month","תאריך יציאה מתוקף - חודש"
"Expiration Date - Year","תאריך יציאה מתוקף - שנה"
"Extensions","הרחבות /תוספות"
"FILTERS APPLIED","מסננים הופעלו"
"Facebook API","Facebook  ממשק ניהול"
"Facebook Application ID"," קוד אפליקציית Facebook "
"Fax","פקס"
"File can\'t be uploaded.","לא ניתן להעלות קובץ"
"File doesn\'t exist ""%s"".","קובץ לא קיים ""%s""."
"First Name","שם פרטי"
"Flurry API Code"," ממשק ניהול קוד Flurry "
"Flurry Analytics","Flurry Analytics"
"Flurry Analytics Site","Flurry Analytics Site"
"Fonts","גופנים"
"Free","חינם"
"Funk Leaf","Funk Leaf"
"General","כללי"
"Get Activation Key","קבלת מפתח הפעלה"
"Get Content from CMS Page","קבל תוכן מדף CMS "
"Grand Total (Excl. Tax)","סה""כ  (לא לכלול מס)"
"Grand Total (Incl. Tax)","סה""כ  (כלול)"
"Guest","אורח"
"Header Background Color","צבע רקע של כותר עליון"
"Header Font Color","צבע גופן של כותר עליון"
"High Resolution Application Icon","אייקון אפליקציה ברזולוציה גבוה"
"Home","דף הבית"
"Hot Red","Hot Red"
"ID","קוד/ת.ז/זיהוי"
"Icon that will appear on the user\'s device after they download your app. Recommended size: 48px x 48px.",": 48px x 48px.אייקון שיופיע במכשיר הלקוח אחרי שהוא יוריד את האפליקציה שלך. גודל מומלץ"
"Icon that will appear on the user\'s device after they download your app. You do not need to apply a gradient or soft edges (this is done automatically by Apple). Recommended size: 72px x 72px.","אייקון שיופיע במכשיר הלקוח אחרי שהוא יוריד את האפליקציה שלך. אין צורף לבצע התאמת גבולות תמונה (הדבר נעשה באופן אוטומטי על ידי Apple). גודל מומלץ: 72px x 72px."
"Icon that will appear on the user\'s phone after they download your app. You do not need to apply a gradient or soft edges (this is done automatically by Apple). Recommended size: 114px x 114px.","אייקון שיופיע במכשיר הלקוח אחרי שהוא יוריד את האפליקציה שלך. אין צורף לבצע התאמת גבולות תמונה (הדבר נעשה באופן אוטומטי על ידי Apple). גודל מומלץ: 114px x 114px."
"Icon that will appear on the user’s phone after they download your app.  You do not need to apply a gradient or soft edges (this is done automatically by Apple).  Recommended size: 57px x 57px at 72 dpi.","אייקון שיופיע במכשיר הלקוח אחרי שהוא יוריד את האפליקציה שלך.  אין צורף לבצע התאמת גבולות תמונה הדבר נעשה באופן אוטומטי על ידי Apple).  גודל מומלץ: 57px x 57px at 72 dpi."
"Icons","איילקוחות"
"If leave this field empty, the message will be sent immediately","ההודעה תשלח באופן מיידי אם תשאיר שדה זה ריק."
"If you want to disable the cache on the application side, leave the field empty. Warning! When disabling cache, the application will take time to load each page.","אם אתה רוצה לחסום cache באפליקצייה, השאר את השדה ריק. שים לב! זמן הטעינה של כל דף עולה כתוצאה מפעולה זאת."
"Image file was not found.","קובץ תמונה לא נמצא"
"Image that appears on first screen while your app is loading. Required size: 1024px x 768px.","התמונה שמוצגת בזמן טעינת האפליקציה שלך. גודל נדרש: 1024px x 768px."
"Image that appears on first screen while your app is loading. Required size: 320px x 455px.","התמונה שמוצגת בזמן טעינת האפליקציה שלך. גודל נדרש: 320px x 455px."
"Image that appears on first screen while your app is loading. Required size: 320px x 460px.","התמונה שמוצגת בזמן טעינת האפליקציה שלך. גודל נדרש: 320px x 460px."
"Image that appears on first screen while your app is loading. Required size: 640px x 920px.","התמונה שמוצגת בזמן טעינת האפליקציה שלך. גודל נדרש: 640px x 920px."
"Image that appears on first screen while your app is loading. Required size: 768px x 1024px.","התמונה שמוצגת בזמן טעינת האפליקציה שלך. גודל נדרש: 768px x 1024px."
"Images","תמונות"
"In Queue","בתור "
"In Stock","במלאי"
"In order to resubmit your app, you need to first purchase a <a href=""%s"" target=""_blank"">%s</a> from MagentoCommerce","כדי לרשום את האפליקציה שלך מחדש , עליך תחילה לרכוש  <a href=""%s"" target=""_blank"">%s</a> מ MagentoCommerce"
"In order to submit your app, you need to first purchase a <a href=""%s"" target=""_blank"">%s</a> from MagentoCommerce","אם אתה רוצה לרשום את הפליקציה שלך, עליך תחילה לרכוש  <a href=""%s"" target=""_blank"">%s</a> מ MagentoCommerce"
"Inactive Tabs","כבה לשונית"
"Invalid XML."," XML לא תקין"
"Invalid current password.","סיסמא נוכחית לא תקינה"
"Invalid customer data.","פרטי לקוח לא תקינים"
"Invalid data.","מידע לא תקין"
"Invalid email address.","כתובת דוא""ל אל תקינה"
"Invalid item or wishlist.","רשימת משאלות או פריט לא תקין"
"Invalid login or password.","משתמש או סיסמא שגויים"
"Invalid shipping method.","שיטת משלוח לא תקינה"
"Issue Number","מספר גיליון/מהדורה"
"It\'s not allowed to delete submitted application.","לא ניתן למחוק אפליקציה שנוספה"
"Item has been added to cart.","פריט התווסף לעגלת קניות"
"Item has been deleted from cart.","פריט נמחק מעגלת קניות"
"Item has been removed from wishlist.","פריט הוסר מרשימת קניות"
"Items were updated. But can\'t update wishlist.","הפריטים עודכנו. אך לא ניתן לעדכן רשימת משאלות"
"Key","מפתח"
"Keywords","מילות מפתח"
"Label","תוית"
"Large iTunes Icon","אייקון iTunes גדול"
"Large icon that appears in the iTunes App Store. You do not need to apply a gradient or soft edges (this is done automatically by Apple). Required size: 512px x 512px.","אייקון גדול שמופיע בחנות אפליקציות  iTunes . אין צורך לבצע התאמות גבולות תמונה  (הדבר נעשה באופן אוטומטי על ידי Apple). Required size: 512px x 512px."
"Last Name","שם משפחה"
"LinkedIn API"," ממשק ניהול LinkedIn"
"LinkedIn API Key"," מפתח ממשק ניהול LinkedIn"
"LinkedIn Secret Key"," מפתח סודי של LinkedIn "
"Loader Splash Screen","Loader Splash Screen"
"Loader Splash Screen <br />(iPhone 4 retina)","Loader Splash Screen <br />(iPhone 4 retina)"
"Loader Splash Screen <br />(landscape mode)","Loader Splash Screen <br />(landscape mode)"
"Loader Splash Screen <br />(portrait mode)","Loader Splash Screen <br />(portrait mode)"
"Loading Preview...","טוען תצוגה מקדימה..."
"Locations","מיקומים"
"Log In","התחבר"
"Login and password are required.","סיסמא והתחברות נדרשים"
"Logo in Header","לוגו בכותר עליון"
"Logo in Header image missing.","חסרה תמונת לוגו בכותר עליון"
"Logout complete.","התנתקות בוצעה"
"MEP is PayPal's native checkout experience for the iPhone. You can choose to use MEP alongside standard checkout, or use it as your only checkout method for Magento mobile. PayPal MEP requires a <a href=""%s"">PayPal business account</a>","MEP הוא צ'ק אאוט של  PayPal's עבור  iPhone. אתה יכול לבחור להשתמש ב MEP בנוסף לצ'ק אאוט רגיל, או להשתמש בכך כשיטת הצ'ק אאוט היחידה  עבור  Magento mobile. PayPal MEP מצריך <a href=""%s"">PayPal חשבון עסקי ב</a>"
"Mailbox title","כותרת תיבת דואר"
"Main Tabs","לשוניות ראשיות"
"Make Inactive","הפוך ללא פעיל"
"Make this app available in the following territories","אפשר את האפליקציות במיקומים הבאים"
"Manage Apps","ניהול אפליקציות"
"Manage Mobile App","נהל אפליקציות לניידים"
"Maximum length is 140","אורך מקסימלי הוא  140"
"Maximum length is 255","אורך מקסימלי הוא 255"
"Merchant Label","תווית סוחר"
"Message Queue","תור הודעה"
"Message Settings","הגדרות הודעה"
"Message Templates","תבניות הודעה"
"Message Title","כותרת הודעה"
"Message Type","סוג הודעה"
"Message can be edited when status of the message is ""IN QUEUE"" only.","ניתן לערוך את ההודעה רק כאשר סטאטוס ההודעה הוא  ""בתור"" בלבד."
"Message content","תוכן הודעה"
"Message title","כותרת הודעה"
"Mobile","נייד"
"More","עוד"
"More Info","מידע נוסף"
"More Tabs","לשוניות נוספות"
"Name on Card","שם בעל הכרטיס"
"Name that appears beneath your app when users install it to their device. We recommend choosing a name that is 10-12 characters and that your customers will recognize. %s chars max.","השם שמופיע מתחת לאפליקציה שלך לאחר ההורדה. אנחנו ממליצים על שם שלקוחותיך יכירו באורך 10-12 תווים. מקסימום  %s תווים."
"New AirMail Message","הודעת AirMail חדשה"
"New AirMail Message Queue","תור הודעת AirMail חדשה"
"New App","אפליקציה חדשה"
"New Password","סיסמא חדשה"
"New Template","תבנתי חדשה"
"Nickname","כינוי"
"No items were specifed to update.","לא צוינו פריטים לעדכון"
"No items were updated.","לא עודכנו פריטים"
"No product selected.","לא נבחרו מוצרים"
"No such file ""%s"".","לא קיים קובץ ""%s""."
"Not Submitted","לא נרשם"
"Notice","שים לב"
"One or more keywords that describe your app. Keywords are matched to users\' searches in the App Store and help return accurate search results. Separate multiple keywords with commas. 100 chars is maximum.","לפחות מילת מפתח אחת שמתארת את האפליקציה שלך. מילות המפתח מותאמות לחיפושים של משתמשים בחנות האפליקציות ועוזרת בקבלת תוצאות רלוונטיות לחיפוש . הפרד את מילות המפתח בפסיקים. 100 תווים מקסימום."
"Onepage checkout is disabled.","צ'ק אאוט בדף יחיד לא מופעל."
"Only free apps are allowed in this version.","רק אפליקציות חינמיות אפשריות בגרסה זאת"
"Only registered users can write reviews. Please, log in or register.","רק משתמשים רשומים יכולים לכתוב תגובות. אנא, התחבר או הרשם."
"Options menu items","אפשרויות פרטי תפריט"
"POST data is not valid.","פרסום מידע לא אפשרי"
"Pages","דפים"
"Password","סיסמא"
"Password fields cannot be empty.","שדות מידע לא יכולים להיות ריקים"
"PayPal Mobile Embedded Payment (MEP)","תשלום PayPal נייד (MEP)"
"Payment Bridge module unavailable.","מודול תשלום  Bridge לא אפשרי."
"Payment Method has been set.","שיטת תשלום הוגדרה"
"Payment Methods","שיטות תשלום"
"Payment method was successfully set.","שיטת תשלום הוגדה בהצלחה"
"Paypal Merchant Account Email.","דוא""ל חשבון לקוח Paypal"
"Paypal Merchant Account Username.","שם משתמש לקוח Paypal"
"Please Select Application","אנא בחר אפקליציה"
"Please Select Device Type","אנא בחור סוג מכשיר"
"Please agree to all the terms and conditions before placing the order.","אנא הסכם לתנאי השימוש לפני ביצוע ההזמנה"
"Please enter ""App Title"".","אנא הכנס ""כותרת אפליקציה"""
"Please enter issue number or start date for switch/solo card type.","אנא הכנס מספר פנייה, או תאריך התחלה עבור סוג כרטיס switch/solo "
"Please enter the Activation Key.","אנא הכנס מפתח הפעלה"
"Please enter the Copyright.","אנא הכנס Copyright."
"Please enter the Description.","אנא הכנס את התיאור"
"Please enter the Price.","אנא הכנס את המחיר"
"Please enter the Resubmission Key.","אנא הכנס את מפתח הרישום מחדש"
"Please enter the Title.","אנא הכנס את הכותרת"
"Please make sure your passwords match.","יש לוודא שהסיסמאות זהות."
"Please select at least one country.","אנא בחר לפחות מדינה אחת."
"Please upload  an image for ""App Background (landscape mode)"" field from Design Tab.","אנא , העלה תמונה עבור  ""אפליקצית רקע (מצב רקע)"" שדה מלשונית עיצוב."
"Please upload  an image for ""App Background (portrait mode)"" field from Design Tab.","אנא , העלה תמונה עבור ""אפליקצית רקע (מצב פורטרט)"" שדה מלשונית עיצוב."
"Please upload  an image for ""App Background"" field from Design Tab.","אנא , העלה תמונה עבור ""אפליקצית רקע "" שדה מלשונית עיצוב."
"Please upload  an image for ""Banner on Home Screen"" field from Design Tab.","אנא , העלה תמונה עבור ""באנר בתצוגה ראשית"" שדה מלשונית עיצוב."
"Please upload  an image for ""Logo in Header"" field from Design Tab.","אנא , העלה תמונה עבור ""לוגו בכותר ראשי"" שדה משונית עיצוב."
"Preset Theme","הגדר מראש תבנית עיצוב"
"Preview","תצוגה מקדימה"
"Price","מחיר"
"Price Font Color","צבע גופן מחיר"
"Primary Color","צבע ראשי"
"Primary Font Color","צבע גופן ראשי"
"Problem changing or sending password.","בעיה בשינוי או שליחת סיסמא"
"Product Name3 ","שם מוצר 3 "
"Product Name3 1","שם מוצר 3 1"
"Product Name3 2","שם מוצר 3 2"
"Product is unavailable.","מוצר לא זמין"
"Product was not specified.","לא צוין מוצר"
"Product(s) currently out of stock.","מוצר (ים) ללא מלאי"
"Purchase Order Number","מספר הזמנה"
"Push Notification","הערת דחיפה"
"Push Title","כותרת דחיפה"
"Push message","הודעת דחיפה"
"Push title","כותרת דחיפה"
"Queue Date","תאריך תור"
"Queue Message","הודעת תור"
"Queue does not exist.","תור לא קיים"
"Quote instance is required.","ערכאת תור נדרשת"
"Recipient Information","פרטי מקבל"
"Recommended size 1024px x 704px. Note: Image size affects the performance of your app.","גודל מומלץ 1024px x 704px. שים לב: גודל התמונה משפיע על ביצועי האפליקציה שלך."
"Recommended size 320px x 230px. Note: Image size affects the performance of your app. Keep your image size below 50 KB for optimal performance.","גודל מומלץ 320px x 230px. שים לב: גודל התמונה משפיע על ביצועי האפליקציה שלך. הקפד כי גודל התמונה קטן מ 50 KBלביצועים אופטימליים."
"Recommended size 320px x 258px. Note: Image size affects the performance of your app. Keep your image size below 50 KB for optimal performance.","גודל מומלץ 320px x 258px. שים לב: גודל התמונה משפיע על ביצועי האפליקציה שלך. הקפד כי גודל התמונה קטן מ 50 KBלביצועים אופטימליים."
"Recommended size 320px x 367px. Note: Image size affects the performance of your app. Keep your image size below 75 KB for optimal performance.","גודל מומלץ 320px x 367px. שים לב: גודל התמונה משפיע על ביצועי האפליקציה שלך. הקפד כי גודל התמונה קטן מ 75 KB לביצועים אופטימליים."
"Recommended size 35px x 35px.","גודל מומלץ 35px x 35px."
"Recommended size 768px x 294px. Note: Image size affects the performance of your app.","גודל מומלץ 768px x 294px. שים לב: גודל התמונה משפיע על ביצועי האפליקציה שלך."
"Recommended size 768px x 960px. Note: Image size affects the performance of your app.","גודל מומלץ 768px x 960px. שים לב: גודל התמונה משפיע על ביצועי האפליקציה שלך."
"Regular and confirmation passwords must be equal","סיסמא רגילה וסיסמת אישור צריכות להיות זהות"
"Related Product Background Color","צבע רקע של מוצרים קשורים"
"Reset theme to default","הגדר תבנית עיצוב כתבנית ברירת המחדל"
"Resubmission Key","מפתח רישום מחדש"
"Resubmit","רשום מחדש"
"Resubmit App","רשום מחדש אפליקציה"
"Resubmit Application","רשום מחדש אפליקציה"
"Review","סקירת מוצר"
"SORT BY:","סדר לפי:"
"Save","שמור"
"Save Theme","שמור תבנית עיצוב"
"Save and Continue Edit","שמור והמשך לערוך"
"Save and Submit App","שמור ורשום אפליקציה"
"Save in address book","שמור בספר הכתובות"
"Screens:","מסכים:"
"Scroll Background Color","דפדף בצבעי רקע"
"Search","חיפוש"
"Secondary Color","צבע משנה"
"Secondary Font Color","צבע גופן שמני"
"Select All","בחר הכל"
"Selected product is unavailable.","מוצר נבחר לא אפשרי"
"Sender Information","פרטי שולח"
"Settings","הגדרות"
"Shipping address has been set.","כתובת משלוח הוגדרה"
"Shipping method has been set.","שיטת משלוח הוגדרה"
"Shop","חנות"
"Shopping cart is empty.","עגלת קניות ריקה"
"Sky Blue","Sky Blue"
"Social Networking","רשתות חברתיות"
"Some emails were not sent.","חלק מהמיילים לא נשלחו"
"Sorry, no payment options are available for this order at this time.","מצטערים, אין אפשרויות קיימות עבור ההזמנה בזמן זה."
"Sorry, no quotes are available for this order at this time.","אנו מתנצלים. בשלב זה אין הצעות מחיר להזמנה זו."
"Specified address does not exist.","כתובת שצוינה לא קיימת"
"Specified invalid app code.","קוד אפליקציה לא תקין"
"Specified invalid data.","פרטי מידע לא תקינים"
"Specified item does not exist in wishlist.","פריט שצוין לא קיים ברשימת המשאלות"
"Standard Checkout","צ'ק אאוט סטנדרטי"
"Standard Checkout uses the checkout methods provided by Magento. Only inline payment methods are supported. (e.g PayPal Direct,  Authorize.Net, etc.)","צ'ק אאוט סטנדרטי משתמש בשיטות הצ'ק אאוט של  Magento. רק שיטות תשלום פנימיות נתמכות . (כמו  PayPal Direct,  Authorize.Net, וכו'....)"
"Start Date","תאריך התחלה"
"Start Date - Month","תאריך התחלה – חודש"
"Start Date - Year","תאריך התחלה – שנה"
"State/Province","מדינה/מחוז"
"Status","מצב"
"Store View","תצוגת חנות"
"Store logo that is displayed on copyright page of app. Preferred size: 100px x 100px.","לוגו החנות שמוצג בדף הזכויות יוצרים של האפליקציה . גודל מומלץ: 100px x 100px."
"Store logo that is displayed on copyright page of app. Preferred size: 200px x 200px.","לוגו החנות שמוצג בדף הזכויות יוצרים של האפליקציה. גודל מומלץ: 200px x 200px."
"Store logo that will be displayed on copyright page of application ","לוגו החנות שמוצג בדף הזכויות יוצרים של האפליקציה"
"Street Address","כתובת מגורים"
"Street Address 2","כתובת 2"
"Submission","רישום"
"Submission Fields","שדה רישום"
"Submission History","היסטורית רישום"
"Submit","שלח"
"Submit App","רישום אפליקציה"
"Submit App ""%s""","רישום אפליקציה ""%s"""
"Submit App failure. %s","שיגאה ברישום אפליקציה. %s"
"Submit App failure. Invalid activation key provided","שגיאה ברישום אפליקציה. מפתח הפעלה לא תקין"
"Submit Application","רישום אפליקציה"
"Submitted","אישום בוצע"
"Subtotal (Excl. Tax)","סיכום ביניים (לא לכלול מס)"
"Subtotal (Incl. Tax)","סיכום ביניים  (לכלול מס)"
"Summary of Your Review","סיכום סקירת המוצר"
"T-Shirts","חולצות"
"Tabs","לשוניות"
"Telephone","טלפון"
"Tell a Friend","שלח לחבר"
"Tell a Friend is disabled.","שליחה לחבר לא אפשרית"
"Tell a Friend link has been sent.","קישור שלח לחבר נשלח בהצלחה"
"Template","תבנית"
"Template Content","תוכן תבנית"
"Template Name","שם תבנית"
"Template creation is allowed only for applications which have device type iPhone, but this kind of applications has not been found.","יצירת תבנית עיצוב אפשרית רק עבור אפליקציות למכשירים מסוג iPhone, סוג אפליקציה שנבחר לא נמצא."
"Template does not exist.","תבנית אל קיימת"
"Template for new AirMail Message does not exist.","תבנית עבור הודעה של  AirMail לא קיימת."
"Template has been deleted.","תבנית נמחקה"
"Thank you for registering!","תודה לך על ביצוע רישום"
"Thank you for your purchase! ","תודה לך על ביצוע רכישה"
"The Mailbox title will be shown in the More Info tab. To understand more about the title, please <a target=""_blank"" href=""http://www.magentocommerce.com/img/product/mobile/helpers/mail_box_title.png"">click here</a>","כותרת תיבת הדואר בלשונית -מידע נוסף. כדי ללמוד עוד על הכותרת The Mailbox title will be shown in the More Info tab. To understand more, אנא  <a target=""_blank"" href=""http://www.magentocommerce.com/img/product/mobile/helpers/mail_box_title.png"">לחץ כאן</a>"
"The icon that appears in the Android Market. Recommended size: 512px x 512px. Maximum size: 1024 KB.","האייקון שיופיע בחנות  Android  .גודל מומלץ: 512px x 512px. גודל מקסימלי: 1024 KB."
"Theme configurations are successfully reset.","הגדרות תבנית עיצוב הוגדרו בהצלחה"
"Theme name is not set.","לא גודר שם עבור תבנית עיצוב"
"There were some problems with the data.","יש מספר שגיאות עם המידע."
"This email address was not found in our records.","כתובת הדוא""ל לא נמצאה ברשומות שלנו."
"This icon will be  used for users’ devices in case if different than AppSore icon needed. ","האייקון ישמש במכשירים של משתמשים במקרה ואייקון שונה נדרש. "
"This is the description that will appear in the iTunes marketplace. ","זה התיאור שיוצג בחנות iTunes"
"This is the name that will appear beneath your app when users install it to their device.  .  We recommend choosing a name that is 10-12 characters in length, and that your customers will recognize.","השם שמופיע מתחת לאפליקציה שלך לאחר ההורדה. אנחנו ממליצים על שם שלקוחותיך יכירו באורך 10-12 תווים. "
"This will appear in the info section of your App (example:  Copyright 2010 – Your Company, Inc.)","מידע זה יופיע בחלק אודות האפליקציה שלך (example:  Copyright 2010 – Your Company, Inc.)"
"Title","כותרת"
"Title bar","תפריט כותרת"
"To activate PayPal MEP payment method activate Express checkout first. ","כדי להפעיל שיטות תשלום של  PayPal MEP הפעל צ'ק אאוט  Express"
"Total incl. Tax %1$s","סה""כ כולל מע""מ %1$s"
"Twitter API"," ממשק ניהול Twitter"
"Twitter API Key","מפתח ממשק ניהול Twitter "
"Twitter Secret Key","מפתח סודי של Twitter "
"Unable to cancel queue.","לא ניתן לבטל תור"
"Unable to collect cart totals.","לא ניתן לאסוף סיכום עגלת קניות"
"Unable to delete queue.","לא ניתן למחוק תור"
"Unable to find an app to delete.","לא ניתן למצוא אפליקציה למחיקה"
"Unable to find template to delete.","Unable to find template to delete."
"Unable to get shipping methods list.","Unable to get shipping methods list."
"Unable to initialize MEP Checkout.","Unable to initialize MEP Checkout."
"Unable to load application form.","Unable to load application form."
"Unable to load product info.","Unable to load product info."
"Unable to place the order.","Unable to place the order."
"Unable to post the review.","Unable to post the review."
"Unable to process preview.","Unable to process preview."
"Unable to save app.","Unable to save app."
"Unable to save message.","Unable to save message."
"Unable to save shipping address.","Unable to save shipping address."
"Unable to save shipping method.","Unable to save shipping method."
"Unable to save template.","Unable to save template."
"Unable to start MEP Checkout.","Unable to start MEP Checkout."
"Undefined","Undefined"
"Unknown Error","Unknown Error"
"Unknown Error.","Unknown Error."
"Update Preview","Update Preview"
"Urban Airship Push Notification","Urban Airship Push Notification"
"Use as my default billing address","השתמש בכתובת <strong>החיוב</strong> שלי כברירת מחדל"
"Use as my default shipping address","השתמש בכתובת <strong>המשלוח</strong> שלי כברירת מחדל"
"Username","שם משתמש"
"Users will see this image as the first screen while your application is loading.  It is a 320x460 image.","Users will see this image as the first screen while your application is loading.  It is a 320x460 image."
"View Details","הצג פרטים"
"View Gallery","View Gallery"
"Website is offline.","Website is offline."
"Wishlist has been cleared.","Wishlist has been cleared."
"Wishlist has been updated.","Wishlist has been updated."
"Wishlist has been updated. But there are accrued some errors while updating some items.","Wishlist has been updated. But there are accrued some errors while updating some items."
"Wrong Ipad background image orientation has been specified: ""%s"".","Wrong Ipad background image orientation has been specified: ""%s""."
"Wrong device type.","Wrong device type."
"Wrong email format","Wrong email format"
"Wrong theme format.","Wrong theme format."
"You are already logged in.","You are already logged in."
"You can set any additional countries added by Apple Store.","You can set any additional countries added by Apple Store."
"You can set any price you want for your app, or you can give it away for free. Most apps range from $0.99 - $4.99","You can set any price you want for your app, or you can give it away for free. Most apps range from $0.99 - $4.99"
"You can watch statistics here.","You can watch statistics here."
"You will receive an order confirmation email with details of your order and a link to track its progress.","אישור הזמנה ישלח לכתובת האימייל שצויינה ובה קישור למעקב אחר התקדמות ההזמנה."
"Your order # is: %s. ","Your order # is: %s. "
"Your review has been accepted for moderation.","Your review has been accepted for moderation."
"Zip/Postal Code","מיקוד/ת.ד."
"and","וגם"
"each","כל אחד"
"iPad","iPad"
"iPhone","iPhone"
"save","שמור"
