"# of Use","# שימוש"
"%1$s incl tax.","%1$s כולל מס."
"%s - %s","%s - %s"
"%s Item(s)","%s מוצר(ים)"
"(%d)","(%d)"
"(Copy data from: %s)","(העתק נתונים מ: %s)"
"(Will make search for the query above return results for this search.)","(חיפוש עבור השאילתה מעל לתוצאות החיפוש הקיים.)"
"* Required Fields","* שדות חובה"
"-- Please Select --","-- בחר מהרשימה --"
"86400 by default, if not set. To refresh instantly, Clear the Blocks HTML Output Cache.","86400 כברירת מחדל:,אם לא הוגדר אחרת. לרענון מיידי, נקה בלוק פלט HTML  Cache."
"A group with the same name already exists.","קבוצה עם השם הנבחר קיימת"
"A name is required","נדרש שם"
"A product type is not defined for the indexer.","לא הוגדר סוג מוצר עבור האינדקסר"
"ALL GROUPS","כל הקבוצות"
"AM","AM"
"Action","פעולה"
"Add Attribute","הוסף מאפיין"
"Add Design Change","הוסף שינוי עיצוב"
"Add Group","הוסף קבוצה"
"Add New","הוסף חדש"
"Add New Attribute","הוספת תיאור חדש"
"Add New Attribute Set","סט תכונות נוסף"
"Add New Group","קבוצה חדשה"
"Add New Images","הוסף תמונות חדשות"
"Add New Option","הוסף אופציה"
"Add New Row","הוסף שורה"
"Add New Search Term","מונח חיפוש חדש"
"Add New Set","סט חדש"
"Add Product","הוסף מוצר"
"Add Product To Websites","הוסף מוצר לאתרים"
"Add Root Category","הוסף קטגוריית בסיס"
"Add Subcategory","הוסף קטגוריית משנה"
"Add Tax","הוסף מס"
"Add Tier","הוסף שכבה"
"Add to Cart","הוסף לסל"
"Add to Compare","הוסף להשוואה"
"Add to Wishlist","הוסף ל wishlist"
"Additional Information","מידע נוסף"
"Alert Urls","כתובת URL מסוכנות"
"All","הכל"
"All Product Types","כל סוגי המוצרים"
"All Websites","כל האתרים"
"All products of this set will be deleted! Are you sure you want to delete this attribute set?","כל המוצרים של סט זה ימחקו! האם למחוק את סט התכונות?"
"Allow All Products per Page","אפשר תצוגה של כל המוצרים בדף "
"Allow Dynamic Media URLs in Products and Categories","אפשר כתובת URL דינמיות עבור מדיה של מוצרים וקטגוריות."
"Allow HTML Tags on Frontend","אפשר תגי  HTML בתצוגת חנות"
"Allowed File Extensions","סיומות קבצים מורשות"
"Allowed file extensions to upload","סיומות קבצים מורשות להעלאה לשרת"
"An error occurred while adding customers for the %s alert. Message: %s","ארעה שגיאה במהלך הוספת לקוחות ל %s אזהרה.הודעה: %s"
"An error occurred while adding products to websites.","ארעה שגיאה במהלך הוספת מוצרים לאתר"
"An error occurred while clearing comparison list.","ארעה שגיאה במהלך ניקוי רשימת השוואה"
"An error occurred while removing products from websites.","ארעה שגיאה במהלך הסרת מוצרים מהאתר"
"An error occurred while saving the URL rewrite.","ארעה שגיאה במהלך שמירת שכתוב כתובת URL"
"An error occurred while saving the attribute set.","ארעה שגיאה במהלך שמירת מקבץ אפשרויות"
"An error occurred while saving the product. ","ארעה שגיאה במהלך שמירת המוצר"
"An error occurred while saving the search query.","ארעה שגיאה במהלך שמירת שאילתת החיפוש"
"An error occurred while saving this group.","ארעה שגיאה במהלך שמירת הקבוצה הזאת."
"An error occurred while trying to delete the category.","ארעה שגיאה במהלך תהליך מחיקת הקטגוריה"
"An error occurred while updating the product(s) attributes.","ארעה שגיאה במהלך עדכון אפשרויות המוצר/ים"
"An error occurred while updating the product(s) status.","ארעה שגיאה במהלך עדכון סטאטוס המוצר/ים"
"An invalid group ID is specified, skipping the record.","צוין ID קבוצה לא תקין, מדלג על הרשומה"
"An invalid option ID is specified for %s (%s), skipping the record.","צוין Id לא תקין של אפשרות %s (%s), מדלג על הרשומה."
"An invalid store was specified.","חנות לא תקינה צוינה"
"Anchor Custom Text","טקסט Anchor מותאם"
"Anchor Custom Title","כותרת Anchor מותאמת"
"Applicable to catalog products and categories only. Any media content will be inserted into editor as a static URL. It is not updated if the system configuration base URL changes.","חל על מוצרי קטלוג וקטגוריות בלבד. כל תוכן מדיה יוכנס כ URL סטאטי. לא יבוצע עדכון אם הגדרות מערכת בסיסיות של URL יבוצעו. "
"Apply To","הפעל/אשר על"
"Approved","מאושר"
"Are you sure you want to delete this category?","האם למחוק את הקטגוריה?"
"Are you sure you would like to remove all products from your comparison?","האם להסיר את כל המוצרים ממנגנון השוואת המוצרים?"
"Are you sure you would like to remove this item from the compare products?","האם להסיר פריט זה ממנגנון השוואת המוצרים?"
"Are you sure?","האם אתה בטוח?"
"As low as:","נמוך עד לרמה של:"
"Assign","הפעל שיוך"
"Assign product link","שייך קישור למוצר"
"Assign product to category","שייך מוצר לקטגוריה"
"Assigned Products","מוצרים משוייכים"
"Associated Products","מוצרים משויכים"
"Attrib. Set Name","מאפיין - קבע שם"
"Attribute ""%s"" is invalid.","התכונה ""%s"" לא פעילה."
"Attribute ""%s"" is required.","התכונה ""%s"" נדרשת."
"Attribute Information","תכונה - מידע"
"Attribute Model","תכונה - מודל"
"Attribute Name:","שם תכונה:"
"Attribute Set","סט תכונות"
"Attribute group with the /name/"" name already exists""","קבוצת תכונות בשם /name/"" כבר קיימת"""
"Attribute with the same code already exists","מאפיין עם קוד זהה כבר קיים"
"Attributes","תכונות"
"Attrribute names can be specified per store.","שמות תכונה יכולים להקבע פר חנות"
"Autogenerate","צור אוטומטית"
"Availability:","זמינות:"
"Back","חזור"
"Backend Model","מודל צד אחורי"
"Backend Table","טבלת צד אחורי"
"Backend Table Title","כותרת טבלת צד אחורי"
"Backorders","הזמנות בחוסר מלאי"
"Based On","מבוסס על"
"Best Value","הערך הגבוה ביותר"
"Block after Info Column","בלוק לאחר עמודת מידע"
"Bottom Block Options Wrapper","  אפשרויות Wrapper בלוק תחתון"
"Bottom/Left","למטה/משמאל"
"Bottom/Right","למטה/מימין"
"Browse By","דפדף לפי"
"Bundle Items","פריטים מקובצים"
"Buy %1$s for %2$s","קנה %1$s עבור %2$s"
"Buy %1$s for %2$s (%3$s incl. tax) each","קנה %1$s עבור %2$s (כולל מס %3$s) ליחידה"
"Buy %1$s for %2$s each","קנה %1$s עבור %2$s ליחידה"
"Buy %1$s with %2$s discount each","קנה %1$s עם %2$s הנחה ליחידה"
"Cache Lifetime (Seconds)","אורך חיים של Cache  (שניות)"
"Cache refresh needed.","רענון Cache נדרש"
"Can be used only with catalog input type Dropdown","ניתן להשתמש רק עם קלט קטלוג מסוג Dropdown"
"Can be used only with catalog input type Dropdown, Multiple Select and Price","ניתן להשתמש רק עם קלט קטלוג מסוג Dropdown, בחירה מרובה ומחיר"
"Can\'t create image.","לא יכול ליצור תמונה."
"Cancel","בטל"
"Cannot create image.","לא ניתן ליצור תמונה"
"Cannot create writeable directory '%s'.","לא ניתן ליצור תיקיה שניתן לשנותה  '%s'."
"Cart Item Attribute","תכונות פריט בעגלה"
"Catalog","קטלוג"
"Catalog Category (Anchor)","קטגורית קטלוג (Anchor)"
"Catalog Category (Non-Anchor)","קטגורית קטלוג (Non-Anchor)"
"Catalog Category (Without Subcategories)","קטגורית קטלוג (ללא תתי קטגוריות)"
"Catalog Category Link","קישור קטגורית קטלוג"
"Catalog New Products List","רשימת מוצרים חדשים בקטלוג"
"Catalog Price Scope","טווח תמחור לקטלוג"
"Catalog Product Compare List","רשימת השוואה של מוצרי הקטלוג"
"Catalog Product Email to a Friend","שליחה לחבר של מוצרי הקטלוג"
"Catalog Product Image Gallery Popup","חלון קופץ לתצוגת גלריית תמונות של מוצרי קטלוג"
"Catalog Product Link","קישור מוצרי קטלוג"
"Catalog Product View (Any)","צפייה במוצרי קטלוג (כולם)"
"Catalog Product View (Configurable)","צפייה במוצרי קטלוג (מותאם)"
"Catalog Product View (Grouped)","צפייה במוצרי קטלוג (בקבוצות)"
"Catalog Product View (Simple)","צפייה במוצרי קטלוג (פשוט)"
"Catalog Product View (Virtual)","צפייה במוצרי קטלוג (וירטואלי)"
"Catalog Section","איזור - קטלוג"
"Catalog Seo Popular Search Terms","מונחי חיפוש פופולריים בקטלוג בהתאמה למנועי החיפוש (Seo)  "
"Catalog Seo Sitemap (Category List)","מונחי חיפוש פופולריים בקטלוג בהתאמה למנועי החיפוש (רשימת קטגוריות)"
"Catalog Seo Sitemap (Category Tree)","מונחי חיפוש פופולריים בקטלוג בהתאמה למנועי החיפוש (עץ קטגוריות)"
"Catalog Seo Sitemap (Common)","מונחי חיפוש פופולריים בקטלוג בהתאמה למנועי החיפוש (נפוץ)"
"Catalog Seo Sitemap (Product List)","מונחי חיפוש פופולריים בקטלוג בהתאמה למנועי החיפוש (רשימת מוצרים)"
"Catalog URL Rewrites","שכתוב כתובת URL של קטלוג"
"Catalog, Search","קטלוג, חיפוש"
"Categories","קטגוריות"
"Categories Sitemap","מפת אתר לקטגוריות"
"Category","קטגוריה"
"Category API","ממשק קטגוריות"
"Category Data","נתוני קטגוריה"
"Category Flat Data","מידע Flat של קטגוריות"
"Category Link Block Template","תבנית בלוק קישור של קטגוריות"
"Category Link Inline Template","תבנית  קישור inline של קטגוריות"
"Category Products","מוצרי קטגוריה"
"Category Top Navigation","ניווט עליון של קטגוריות"
"Category URL Suffix","סיומת כתובות URL של קטגוריות"
"Category attributes API","תכנות ממשק קטגוריות"
"Category move error","שגיאה בהזזת קטגוריה"
"Category move operation is not possible: the new parent category was not found.","לא ניתן לבצע העברת קטגוריה, הקטגוריה הראשית החדשה לא נמצאה."
"Category must be an instance of Mage_Catalog_Model_Category.","קטגוריה חייבת להיות ערכאה של Mage_Catalog_Model_Category."
"Center","מרכז"
"Change","שינוי"
"Change or Retrieve attribute store view","שינוי או אחזור תכונות תצוגת חנות"
"Change status","שנה סטטוס"
"Check items to add to the cart or","סמן פריטים להוספה לעגלה"
"Choose an Option...","בחר אפשרות..."
"Clear All","נקה הכל"
"Close Window","סגור חלון"
"Collapse All","סגור הכל"
"Comma-separated.","מופרד בפסיק"
"Comparable","ניתן להשוואה"
"Comparable on Front-end","ניתן להשוואה באתר"
"Comparable on the Frontend","ניתן להשוואה בתצוגה ראשית"
"Compare","השווה"
"Compare Products","השוואת מוצרים"
"Conditions Combination","שילוב תנאים"
"Configurable Product","מוצר מורכב"
"Configurable Product Settings","מצר מורכב - הגדרות"
"Configure Product","התאם מוצר"
"Continue","המשך"
"Copy From Configurable","העתק ממורכב"
"Country/State","ארץ/מדינה"
"Create","צור"
"Create (Upload)","צור (העלה לשרת)"
"Create Empty","צור ריק"
"Create Permanent Redirect for old URL","צור הכוונה מחדש קבועה עבור ה-URL הישן "
"Create Permanent Redirect for old URLs if Url key changed","צור הכוונה מחדש עבור ה-URL הישן אם מפתח URL השתנה"
"Create Product Settings","צור הגדרות מוצר"
"Create Simple Associated Product","צור קישור פשוט למוצר שייך"
"Create new category","צור קטגוריה חדשה"
"Create new product","צור מוצר חדש"
"Cross-sells","פילוח מכירות"
"Currently Shopping by:","מבצע רכישות לפי:"
"Custom Design","עיצוב בהתאמה אישית"
"Custom Options","אפשרויות מותאמות"
"Customer Group","קבוצת לקוח"
"Customers Reviews","ביקורות לקוחות"
"Customers Tagged Product","מוצר מסומן עם תגית על יד לקוחות"
"Customers for alert %s were successfuly added to queue","לקוחות עבור אזהרה  %s נוספו בהצלחה לתור"
"Data Type for Saving in Database","סוג נתון - לשמירה בבסיס הנתונים"
"Date & Time Custom Options","תאריך ושעה - אפשרויות מותאמות אישית"
"Date Fields Order","תאריך שדות הזמנה"
"Date Subscribed","תאריך רישום"
"Datetime","תאריך/שעה"
"Decimal","עשרוני"
"Declare attribute value saving scope","הכרז על הקף שמירת ערכי תכונות"
"Default Price","מחיר ברירת מחדל"
"Default Price Navigation Step","מחיר שלב ניווט ברירת מחדל"
"Default Qty","כמות ברירת מחדל"
"Default Values","ערכי ברירת מחדל"
"Defines the base currency scope (""Currency Setup"" > ""Currency Options"" > ""Base Currency"").","הגדרת היקף מטבע בסיסי (""הגדרת מטבע"" > ""אפשרויות מטבע"" > ""מטבע בסיסי"")."
"Delete","מחק/מחיקה"
"Delete Attribute","מחק תכונה"
"Delete Attribute Set","מחק סט תכונות"
"Delete Category","מחק קטגוריה"
"Delete Option","מחק אופציה"
"Delete Row","מחר שורה"
"Delete Search","מחק חיפוש"
"Delete Selected Group","מחק קבוצה נבחרת"
"Delete category","מחק קטגוריה"
"Delete product","מחק מוצר"
"Depends on design theme","תלוי בערכת העיצוב"
"Design","עיצוב"
"Details","פרטים"
"Disabled","כבוי/לא פעיל"
"Disallowed file type.","סוג קובץ אסור"
"Display in Suggested Terms","הצג במונחים מומלצים"
"Double click on a group to rename it","לחץ לחיצה כפולה לשינוי שם קבוצה"
"Double click on above image to view full picture","לחץ לחיצה כפולה על התמונה כדי לראות מבט מלא"
"Downloadable Information","מוצר להורדה - מידע"
"Duplicate","שכפל"
"Duplicate website tier price customer group and quantity.","כפילות בתמחור שכבתי, קבוצות לקוח וכמות"
"Duplicate website, country and state tax found.","כפילות באתר, נמצא מס ארץ וגם מס מדינה."
"E.g. {{media url=""path/to/image.jpg""}} {{skin url=""path/to/picture.gif""}}. Dynamic directives parsing impacts catalog performance.","לדוגמא {{media url=""path/to/image.jpg""}} {{skin url=""path/to/picture.gif""}}. ניתוח ביצוע קטלוג בהשפעת דרקטיבה דינמית  ."
"Edit","ערוך"
"Edit Attribute Set '%s'","ערוך סט תכונות '%s'"
"Edit Product Attribute","ערוך תכונת מוצר"
"Edit Product Attribute ""%s""","ערוך תכונת מוצר ""%s"""
"Edit Search","ערוך חיפוש"
"Edit Search '%s'","ערוך חיפוש '%s'"
"Edit Set Name","עריכת שם קבוצה"
"Email","דוא""ל"
"Email to %s was not sent.","דוא""ל עבור  %s לא נשלח."
"Email to a Friend","שלח לחבר"
"Empty","ריק"
"Enable Qty Increments","אפשר הגדלת כמויות "
"Enable WYSIWYG","אפשר וויסוינג"
"Enabled","פעיל"
"Error during retrieval of option value: %s","טעות מהלך שחזור ערך אפשרות :  %s"
"Exclude","לא כולל"
"Expand All","פתח הכל"
"Failed","נכשל"
"Failed to copy file %s. Please, delete media with non-existing images and try again.","נכשל במהלך העתקת קובץ %s. אנא, מחר מדיה ללא תמונות ונסה שנית."
"Failed to move file: %s","נכשל בהזזת קובץ: %s"
"Feature Products","מוצרים בהצגה"
"Field is not complete","שדה לא שלם"
"File options format is not valid.","אפשרות פורמט קובץ לא אפשרית"
"File upload failed","העלאת קובץ נכשלה"
"Filter model name must be declared.","חייבים להכריז על שם מסנן המודל"
"Filter must be an object. Please set correct filter.","מסנן חייב להיות פריט. אנא, הגדר מסנן מתאים."
"Filterable (no results)","ניתן לסינון (ללא תוצאות)"
"Filterable (with results)","ניתן לסינון (עם תוצאות)"
"First Name","שם פרטי"
"Fixed","תוקן"
"For internal use.","לשימוש פינימי"
"Frontend","חלק קדמי"
"Frontend Model","מודל של חלק קדמי"
"Frontend Properties","מאפייני חלק קדמי"
"Gallery","גלרייה"
"General Information","מידע כללי"
"Get special price","קבל מחיר מיוחד"
"Global","גלובלי"
"Globally Editable","ניתן לעריכה באופן גלובלי"
"Go to Home Page","חזור לדף ראשי"
"Grid","רשת"
"Grouped Product","מוצר קבוצתי"
"Groups","קבוצות"
"Home","ראשי"
"ID","קוד/ת.ז/זיהוי"
"ID: %s","ID: %s"
"If empty, the Category Name will be used","אם ריק, יבוצע שימוש בשם הקטגוריה"
"If empty, the Product Name will be used","אם ריק, יבוצע שימוש בשם המוצר"
"If you do not specify an option value for a specific store view then the default (Admin) value will be used.","אם אתה לא מציין ערך עבור אפשרות תצוגת חנות , יבוצע שימוש בערך ברירת המחדל  (מנהל) ."
"Image","תמונה"
"Image content is not valid base64 data.","תוכן תמונה אינו מידע base64 תקין."
"Image does not exist.","תמונה לא קיימת."
"Image file was not found.","קובץ התמונה לא נמצא."
"Image type and information need to be specified for each store view.","סוג התמונה והמידע צריכים להיות מצויינים עבור כל חנות"
"In Stock","במלאי"
"In stock","במלאי"
"Incl. Tax","כולל מס"
"Index product and categories URL rewrites","אינדקס שכתובי כתובת URL של מוצרים וקטגוריות"
"Index product attributes for layered navigation building","אינדקס תכונות מוצרים עבור בניית ניווט layered"
"Index product prices","אינדקס מחירי מוצרים"
"Indexed category/products association","קטגוריות שבאינדקס/מוצרים קשורים"
"Info Column Options Wrapper","מידע Column Options Wrapper"
"Input Type","סוג שדה כתיבה"
"Integer","שלם"
"Invalid Tier Prices","תמכור שכבות שגוי"
"Invalid attribute %s.","מאפיין שגוי %s."
"Invalid attribute option specified for attribute %s (%s), skipping the record.","נבחר מאפיין שגוי %s (%s), מדלג על הרשומה."
"Invalid attribute set specified, skipping the record.","נבחר קובץ מאפיינים שגוי, מדלג על הרשומה"
"Invalid block: %s.","בלוק שגוי: %s."
"Invalid category IDs."," ID קטגוריה שגויה."
"Invalid category.","קטגוריה שגויה."
"Invalid image file type.","סוג קובץ תמונה שגוי."
"Invalid image type.","סוג תמונה שגוי."
"Invalid option ID specified for %s (%s), skipping the record.","נבחרה אפשרות שגויה עבור  ID %s (%s) , מדלג על הרשומה "
"Invalid product type specified, skipping the record.","נבחר סוג מוצר שגוי, מדלג על הרשומה."
"Invalid store specified","צויינה חנות שגויה"
"Invalid store specified, skipping the record.","צויינה חנות שגויה , מדלג על הרשומה."
"Invalid tier prices. The product is not associated to the requested website.","מחיר לא תקין. המוצר שנבחר לא מקושר לאתר שנבחר."
"Invalid transactional email code.","קוד דוא""ל העברה שגוי."
"Inventory","מלאי"
"Is Default","הוא ערך ברירת מחדל"
"Is Required","נדרש"
"Items %s to %s of %s total","פריטים %s עד %s מתוך %s פרטים"
"Items that you do not want to show in the catalog or search results should have status 'Disabled' in the desired store.","לפריטים שאתה לא מעוניין להציג בקטלוג או בתוצאות החיפוש יש להתאים סטאטוס 'לא פעיל' בחנות המתאימה."
"Items that you don't want to show in the catalog or search results should have status 'Disabled' in the desired store.","פריטים שאינך רוצה שיופיעו בקטלוג או בתוצאות חיפוש צריכים להיות ""לא פעילים"" בחנות הרצויה"
"Keep your eyes open for our special Back to School items and save A LOT!","שים לב! ההצעות המיוחדות שלנו יחסכו לכם כסף וזמן!"
"Label","תוית"
"Last Name","שם משפחה"
"Last Notification","תזכורת אחרונה"
"Layered Navigation","ניווט layered"
"Learn More","למד עוד"
"Line %d, Email: %s","שורה %d, אמייל: %s"
"Line %d, SKU: %s","שורה %d, מק""ט: %s"
"Link (Related, Up sell, Cross sell)","קישור (Related, Up sell, Cross sell)"
"Link product does not exist.","מוצר מקושר לא קיים"
"Link to a Specified Category","קישור לקטגוריה נבחרת"
"Link to a Specified Product","קישור למוצר נבחר"
"List","רשימה"
"List Mode","תצוגת רשימה"
"List of Products that are set as New","רשימת מוצרים חדשים"
"Manage Attribute Sets","תכונות/מאפיינים - ניהול סטים"
"Manage Attributes","ניהול תכונות מוצר"
"Manage Catalog Categories","ניהול קטגוריות קטלוג"
"Manage Categories","ניהול קטגוריות"
"Manage Label / Options","ניהול תוית /אפשרויות"
"Manage Options (values of your attribute)","אפשרויות ניהול  (ערכים של תכונות)"
"Manage Product Attributes","ניהול מאפייני מוצר"
"Manage Product Sets","מוצרים - ניהול סטים"
"Manage Products","ניהול מוצרים"
"Manage Stock","ניהול מלאי"
"Manage Titles (Size, Color, etc.)","ניהול כותרות (גודל, צבע וכו')"
"Max Characters","מקסימום תוים"
"Maximal Depth","עומק מקסימלי"
"Maximum Image Size","גודל תמונה מקסימלי"
"Maximum Qty Allowed in Shopping Cart","כמות מקסימלית מורשית בעגלת הקניות"
"Maximum image height","גובה תמונה מקסימלי"
"Maximum image width","רוחב תמונה מקסימלי"
"Maximum number of characters:","מספר מקסימלי של תווים:"
"Media Image","מדיה תמונה"
"Minimum Lines per Page","מינימום שורות בעמוד"
"Minimum Qty Allowed in Shopping Cart","כמות מינימלית המורשית בעגלת הקניות"
"Minimum Qty for Item\'s Status to be Out of Stock","כמות מינימלית כדי שסטטוס פריט יהיה ""לא במלאי"""
"Missing SKU, skipping the record.","חסר מק""ט , מדלג על הרשומה"
"More Views","תצוגות נוספות"
"Move","העבר"
"Move category in tree","העבר קטגוריה בעץ"
"Must be in the allowed values list.","חייב להיות ברשימת הערכים המאושרים"
"N/A","לא זמין"
"Name","שם"
"Name in %s","שם ב %s"
"New Product","מוצר חדש"
"New Product Attribute","תכונת/מאפיין מוצר חדש"
"New Products","מוצרים חדשים"
"New Products Grid Template","תבנית רשת של מוצרים חדשים"
"New Products List Template","תבנית רשימה של מוצרים חדשים"
"New Root Category","קטגורית מקור חדשה"
"New Search","חיפוש חדש"
"New Set Name","שם סט חדש"
"New Subcategory","תת קטגוריה חדשה"
"Next","הבא"
"No","לא"
"No image","ללא תמונות"
"No layout updates","אין עדכוני פריסת עמוד"
"No options of this product are available.","אין אפשרויות זמינות למוצר זה."
"No product collections found.","לא נמצא אוסף מוצרים"
"None","ללא"
"Not Visible Individually","לא גלוי בהפרדה"
"Notify Low Stock RSS","הודעה כאשר Low Stock RSS"
"Notify for Quantity Below","התרע לכמות מתחת"
"Number of Products to Display","מספר מוצרים לתצוגה"
"Number of Uses","כמות שימושים"
"Number of results<br/>(For the last time placed)","מספר תוצאות<br/>(בפעם האחרונה שהוזנו)"
"OK","OK"
"OR","או"
"Old Price:","מחיר ישן:"
"Option validation failed to add product to cart.","אימות אפשרות נכשל "
"Option:","אפשרות:"
"Options Control","התאמת אפשרויות"
"Options is required","אפשרות נדרשת"
"Our customer service is available 24/7. Call us at (555) 555-0123.","שירות הלקוחות שלנו פעיל 24/7. צור קשר בטל' (555) 555-0123."
"Out of Stock","אין במלאי"
"Out of stock","אין במלאי"
"PM","PM"
"Page Title Separator","עמוד - מפריד כותרת"
"Parent Category","קטגוריית אב"
"Pending","בהמתנה"
"Pending Reviews RSS","סיקורים בהמתנה RSS"
"Percentage","אחוז"
"Please add rows to option.","אנא, הוסף שורות לאפשרות"
"Please be careful as once you click on the row it will load package data form the selected file and all unsaved form data will be lost.","שים לב, ברגע שתלחץ על שורה, חבילת מידע תועלה מהקובץ הנבחר וכל המידע שאינו שמור ימחק."
"Please click on the Close Window button if it is not closed automatically.","אנא, לחץ על כפתור 'סגור' אם החלון לא נזכר באופן אוטומטי"
"Please enter a new group name","אנא הכנס שם קבוצה חדשה"
"Please refresh ""Catalog URL Rewrites"" and ""Product Attributes"" in System -> <a href=""%s"">Index Management</a>","אנא רענן ""שכתובי כתובת URL של קטלוג"" ו ""תכונות מוצרים "" במערכת -> <a href=""%s"">ניהול אינדקס</a>"
"Please select a static block ...","אנא, בחר בלוק סטאטי"
"Please select items.","אנא, בחר פריט."
"Please select one or more attributes.","בחר מאפיין אחד או יותר"
"Please select product(s).","אנא בחר מוצר(ים)"
"Please select products for attributes update","בחר מוצרים לעדכון מאפיינים"
"Please specify date required option(s).","אנא, ציין אפשרות תאריך נדרשת(ות)."
"Please specify the product required option(s)","ציין את אפשרות(יות) המוצר הנדרשת(ות)"
"Please specify the product required option(s).","ציין את אפשרות(יות) המוצר הנדרשת(ות)"
"Please specify the product\'s option(s).","ציין את אפשרות(יות) המוצר"
"Please specify the product\'s required option(s).","ציין את אפשרות(יות) המוצר הנדרשת(ות)"
"Please specify the quantity of product(s).","אנא, ציין כמות מוצר(ים)."
"Please specify time required option(s).","אנא, ציין אפשרות הזמן הנדרשת (ות)"
"Please wait...","אנא המתן..."
"Position","מיקום"
"Position in Layered Navigation","מיקום בניווט layered"
"Position of attribute in layered navigation block","מיקום תכונה בבלוק ניווט layered"
"Prev","קודם"
"Previous","קודם"
"Price","מחיר"
"Price Navigation Step Calculation","חישוב מחיר שלב ניווט"
"Price Type","סוג מחיר"
"Price is not available","בחירת מחיר לא קיימת"
"Price values for options should be specified in system base currency.","אפשרויות ערכי מחיר צריכות להיות מצוינות במטבעות הבסיסיים של המערכת."
"Price:","מחיר:"
"Price: %s","מחיר: %s"
"Print This Page","גרסת הדפסה"
"Product","מוצר"
"Product API","ממשק ניהול מוצרים"
"Product Alerts","תזכורות מוצר"
"Product Attribute","מאפיין המוצר"
"Product Attributes","מאפייני המוצר"
"Product Categories","קטגוריות מוצר"
"Product Description","תיאור המוצר"
"Product Extra Info","מידע נוסך אודות המוצר"
"Product Flat Data","מידע אודות המוצר"
"Product ID","קוד מוצר"
"Product Image Placeholders","מצייני מיקום של תמונות המוצר"
"Product Image Watermarks","סימני מים של תמונות המוצר"
"Product Images","תמונות המוצר"
"Product Images API","ממשק ניהול תמונות מוצרים "
"Product In Websites","מוצר באתרים"
"Product Info Column","עמודת מידע אודות המוצר"
"Product Information","עריכת מוצר"
"Product Link Block Template","תבנית בלוק קישור המוצר"
"Product Link Inline Template","תבנית פנימית של  קישור המוצר"
"Product Listing Sort by","סידור מוצרים לפי"
"Product Name","שם המוצר"
"Product Prices","מחירי מוצרים"
"Product Reviews","סיקורי מוצר"
"Product Tags","תגיות מוצר"
"Product Tier Price API","ממשק ניהול רמות מחירי מוצרים"
"Product Type","סוג מוצר"
"Product URL Suffix","סיומות URL של מוצרים"
"Product View Extra Hint","רמז 'צפייה נוספת' של המוצר"
"Product attribute sets API","ממשק ניהול קבוצות מאפייני המוצר"
"Product attributes API","ממש ניהול של מאפייני המוצר"
"Product collection expected.","אוספי מוצרים צפויים"
"Product is not loaded","מוצר לא נטען"
"Product links API (related, cross sells, up sells)","ממשק ניהול קישורי מוצר(related, cross sells, up sells)"
"Product name","שם המוצר"
"Product types API","ממשק ניהול סוגי מוצר"
"Product with this combination of attributes already associated to configurable.","מוצר עם צירוף אפשרויות זה מקושר כבר למוצר מוגדר"
"Products","מוצרים"
"Products Comparison List","רשימת השוואת מוצרים"
"Products Information","עריכת מוצרים"
"Products Reviews","סקירות מוצרים"
"Products Sitemap","מפת אתר של מוצרים"
"Products only","רק מוצרים"
"Products per Page on Grid Allowed Values","מוצרים לעמוד ברשת הערכים המאושרת "
"Products per Page on Grid Default Value","מוצרים לעמוד ברשת הערכים ברירת המחדל "
"Products per Page on List Allowed Values","מוצרים לעמוד בערכי קישורים המאושרים "
"Products per Page on List Default Value","מוצרים לעמוד בערכי קישורים ברירת המחדל "
"Properties","תכונות"
"Qty","כמות"
"Qty Increments","הפרשי כמויות"
"Qty Uses Decimals","כמות - שימוש בנקודה עשרונית"
"Qty for Item\'s Status to become Out of Stock","כמות הפריטים שהסטאטוס שלהם ישתנה ל 'נגמר במלאי'"
"Qty:","כמות:"
"Quantity","כמות"
"Quick Create","יצירה מהירה"
"Quick Overview","סקירה מהירה"
"Quick simple product creation","יצירה מהירה של מוצר פשוט"
"Records for ""","רשומות ל """
"Redirect","נתב מחדש"
"Redirect URL","כתובת לניתוב חדש"
"Regular Price:","מחיר רגיל:"
"Related Products","מוצרים נלווים"
"Remove","הסר"
"Remove Product From Websites","הסר מוצרים מהאתר"
"Remove This Item","הסר פריט זה"
"Remove product assignment","הסר הקצאה של מוצר"
"Remove product image","הסר תמונת מוצר"
"Remove product link","הסר קישור מוצר"
"Reorganize EAV category structure to flat structure","סדר מבנה קטגוריה  EAV למבנה flat "
"Reorganize EAV product structure to flat structure","סדר מבנה מוצר  EAV למבנה flat "
"Reset","התחל מחדש"
"Results","תוצאות"
"Retrieve attribute data","אחזר תכונות מידע"
"Retrieve attribute list","אחזר רשימת תכונות"
"Retrieve attribute options","אחזר אפשרויות תכונות"
"Retrieve categories tree","אחזר עץ קטגוריות"
"Retrieve category attributes","אחזר תכונות קטגוריה"
"Retrieve category data","אחזר מידע קטגורי"
"Retrieve hierarchical tree","אחזר עץ היררכיה"
"Retrieve linked products","אחזר מוצרים מקושרים"
"Retrieve list of assigned products","אחזר רשימת מוצרים מיועדים"
"Retrieve one level of categories by website/store view/parent category","אחזר רמה אחת של קטגוריות לפי קטגורית : אתר/תצוגת חנות/קטגוריה ראשית"
"Retrieve product","אחזר מוצר"
"Retrieve product attribute sets","אחזר סט תכונות מוצר"
"Retrieve product image","אחזר תמונות מוצר"
"Retrieve product image list","אחזר רשימת תמונות המוצר"
"Retrieve product image types","אחזר סוגי תמונות המוצר"
"Retrieve product link type attributes","אחזר תכונות של סוגי קישור המוצר"
"Retrieve product link types","אחזר סוגי קישורים של מוצר"
"Retrieve product tier prices","אחזר רמות מחירי מוצר"
"Retrieve product types","אחזר סוגי מוצר"
"Retrieve products data","אחזר מידע אודות המוצרים"
"Retrieve products list by filters","אחזר רשימת מוצרים לפי מסננים"
"Reviews","סקירות/סיקורים"
"Roll Over for preview","Roll Over for preview"
"Root","שורש/בסיס"
"SKU","מק""ט"
"SKU length should be %s characters maximum.","מס' תווים מקסימלי במק""ט הוא %s ."
"Save","שמור"
"Save Attribute","שמור תיאור"
"Save Attribute Set","שמור סט תכונות"
"Save Category","שמור קטגוריה"
"Save Search","שמור חיפוש"
"Save and Continue Edit","שמור והמשך בעריכה"
"Saved %d record(s)","נשמרו %d רשומה(ות)"
"Scope","טווח"
"Search","חיפוש"
"Search Engine Optimizations","אופטימיזציית מנוע חיפוש"
"Search Information","חפש מידע"
"Search Query","שאילתת חיפוש"
"Search Term with such search query already exists.","מונח חיפוש עם שאילתה זאת כבר קיים"
"Searchable","ניתן לחיפוש"
"Select Category...","בחר קטגוריה..."
"Select Configurable Attributes ","בחר מאפיינים הניתנים להגדרה"
"Select Product...","בחר מוצר..."
"Select type of option","בחר סוג אפשרות"
"Select type options required values rows.","בחר סוגי אפשרויות הנדרשות לערכי שורות. "
"Selected Product Types","סוגי מוצר נבחרים"
"Selected configuration is not available.","התצורה שנבחרה אינה זמינה"
"Send Count","שלח ספירה"
"Set Ascending Direction","קבע כיוון עולה"
"Set Descending Direction","קבע כיוון יורד"
"Set Name","קבע שם"
"Set Root Category for Store","הגדר קטגוריה ראשית עבור החנות"
"Set root category for this store in the <a href=""%s"">configuration</a>","הגדר קטגוריה ראשית עבור החנות ב <a href=""%s"">תצורות</a>"
"Set special price","הגדר מחיר מיוחד"
"Set/Get current store view","הגדר/קבל תצוגת חנות נוכחית"
"Settings","הגדרות"
"Shop By","קנה לפי"
"Shopping Options","קנייה - אפשרויות"
"Show","הצג"
"Show Details","הראה פרטים"
"Show Tags","הראה תגיות"
"Simple Product","מוצר פשוט"
"Site Map","מפת אתר"
"Sitemap","מפת אתר"
"Skip import row, required field ""%s"" for the new customer is not defined.","דלג על שורת ייבוא, שדה נדרש ""%s"" ללקוח החדש לא הוגדר. "
"Skipping import row, required field ""%s"" is not defined.","מדלג על שורת ייבוא, שדה נדרש ""%s"" ללקוח החדש לא הוגדר. "
"Skipping import row, the value ""%s"" is not valid for the ""%s"" field.","מדלג על שורת ייבוא, הערך ""%s"" לא מתאים לשדה ""%s"" . "
"Some of the processed products have no SKU value defined. Please fill it prior to performing operations on these products.","ישנם מוצרים ללא ערך מק”ט מוגדר. אנא, מלא את החסר בתרם אתה מבצע פעולות על מוצרים אלה."
"Some of the products below do not have all the required options. Please edit them and configure all the required options.","חלק מהמוצרים המפורטים למטה ללא האפשרויות הנדרשות. אנא, ערוך אותם והגדר את כל האפשרויות ההכרחיות."
"Sort By","סדר מיון"
"Sort Order","סדר מיון"
"Source Model","מודול מקור"
"Special Expires On: %s","המבצע פג תוקף ב: %s"
"Special Price:","מחיר מבצע:"
"Special Price: %s","מחיר מבצע: %s"
"Starting at:","מתחיל ב:"
"Static","קבוע"
"Static block and products","בלוק סטטי ומוצרים"
"Static block only","רק בלוק סטטי"
"Status","מצב"
"Stock Availability","זמינות מלאי"
"Store","חנות"
"Store View","תצוגת חנות"
"Stretch","מתח"
"Subscribe to RSS Feed","הרשם ל- RSS"
"Super product attributes configuration","תצורה מתקדמת של אפשרויות מוצרים "
"Synonym For","מילה נרדפת ל"
"System Properties","תכונות מערכת"
"Tag Name","שם תג"
"Tax","מע""מ"
"Template","תבנית"
"Text","טקסט"
"The Flat Catalog module has a limit of %2\$d filterable and/or sortable attributes. Currently there are %1\$d of them. Please reduce the number of filterable/sortable attributes in order to use this module.","למודול הקטלוג  %2\$d מאפיינים של מיון ו/או סינון.  כרגע יש %1\$d .אנא, צמצם את כמות המאפיינים למיון/לסינון בכדי להשתמש במודול זה."
"The attribute model is not defined","מאפיין המודול לא מוגדר"
"The attribute set has been saved.","סט המאפיינים נשמר"
"The base directory to upload file is not specified.","לא נבחרה הספרייה הבסיסית לביצוע העלאת הקובץ "
"The category has been deleted.","הקטגוריה נמחקה בהצלחה"
"The category has been saved.","הקטגוריה נשמרה בהצלחה"
"The comparison list was cleared.","רשימת ההשוואה נמחקה בהצלחה"
"The email template is not specified by administrator.","לא נבחרה תבנית דוא""ל על ידי מנהל מערכת "
"The file you uploaded is larger than %s Megabytes allowed by server","הקובץ שהעלאת גדול מ %s מגבייטים שמותר על ידי השרת"
"The filters must be an array.","חובה לתת ערך למסנן"
"The image contents is not valid base64 data.","תוכן התמונה אינו מידע  base64 תקין"
"The image is not specified.","לא נבחרה תמונה"
"The product %s has been added to comparison list.","המוצר %s התווסף לרשימת השוואה בהצלחה."
"The product %s has been removed from comparison list.","המוצר t % הוסר בהצלחה מרשימת השוואה."
"The product attribute has been deleted.","הגדרות המוצר נמחקו בהצלחה"
"The product attribute has been saved.","הגדרות המוצר נשמרו בהצלחה"
"The product has been created.","המוצר נוצר בהצלחה"
"The product has been deleted.","המוצר נמחק בהצלחה"
"The product has been duplicated.","המוצר שוכפל בהצלחה"
"The product has been saved.","המוצר נשמר בהצלחה"
"The product has required options","למוצר יש אפשרויות שחובה למלא"
"The review has been deleted","הסקירה נמחקה בהצלחה"
"The review has been saved.","הסקירה נשמרה בהצלחה"
"The review was removed by another user or does not exist.","הסקירה נמחקה על ידי משתמש אחר, או שאינה קיימת עוד"
"The search was deleted.","החיפוש נמחק בהצלחה"
"The text is too long","הטקסט ארוך מדי"
"There are no %s available.","אין %s זמינים."
"There are no customers for this alert","אין לקוחות לתזכורת/התרעה זו"
"There are no customers for this alert.","אין לקוחות עבור התראה זאת"
"There are no products matching the selection.","לא נמצאו מוצרים העונים על הבחירה"
"There was an error while request processing.","ארעה שגיאה במהלך עיבוד הבקשה"
"This Attribute no longer exists","התכונה לא קיימת עוד"
"This attribute cannot be deleted.","לא ניתן למחוק את התכונה"
"This attribute cannot be edited.","לא ניתן לערוך את התכונה"
"This attribute cannot be updated.","לא ניתן לעדכן את התכונה"
"This attribute is used in configurable products. You cannot remove it from the attribute set.","התכונה נמצאת בשימוש בתצורת מוצרים. אתה לא יכול להסירה מסט התכונות"
"This attribute no longer exists","מאפיין זה לא קיים יותר"
"This attribute set no longer exists.","סט התכונות לא קיים"
"This group contains attributes, used in configurable products. Please move these attributes to another group and try again.","קבוצה זאת מכילה תכונות, אשר נמצאות בשימוש בתצורת מוצרים. אנא, העבר תכונות אלה לקבוצה אחרת ונסה שנית."
"This group contains system attributes. Please move system attributes to another group and try again.","קבוצה זאת מכילה תכונות מערכת. אנא, העבר תכונות מערכת אלה לקבוצה אחרת ונסה שנית"
"This is a required option","זאת אפשרות נדרשת"
"This product no longer exists.","מוצר זה לא קיים"
"This search no longer exists.","חיפוש זה לא קיים עוד"
"Tier Pricing","תמחור מדורג"
"Tile","אריח"
"Time Format","פורמט אריח"
"Title","כותרת"
"To reindex the enabled product(s), the store or product must be specified.","כדי לאנדקס מחדש את המוצר(ים) האפשריים, חובה לבחור את החנות או המוצר"
"Top/Left","למעלה/שמאלה"
"Top/Right","למעלה/ימינה"
"Total Qty Base Items","סה""כ כמות פריטי בסיס"
"Total incl. Tax: %1$s","סה""כ כולל מע""מ: %1$s"
"Total of %d record(s) have been deleted.","סה""כ %d רשומות נמחקו בהצלחה ."
"Total of %d record(s) have been updated.","סה""כ %d רשומות עודכנו בהצלחה ."
"Type","סוג"
"URL Rewrite Management","ניהול שכתוב כתובות URL"
"Unable to complete this request.","לא ניתן להשלים בקשה זאת"
"Unable to find a search term to delete.","לא נמצא פריט חיפוש למחיקה"
"Unable to find an attribute to delete.","לא נמצאה אפשרות למחיקה"
"Unable to get the product ID.","לא ניתן לקבל ID של מוצר."
"Unassigned Attributes","תכונה שלא הוקצת"
"Unknown EAV indexer type ""%s"".","Unknown EAV indexer type ""%s""."
"Unknown attribute: %s.","Unknown attribute: %s."
"Unsupported product type ""%s"".","Unsupported product type ""%s""."
"Up-sells","Up-sells"
"Update","עדכן"
"Update Attributes","עדכון מאפיינים"
"Update Tier Price","עדכון רמת מחיר"
"Update assigned product","Update assigned product"
"Update attributes","עדכון מאפיינים"
"Update category","עדכן קטגוריה"
"Update product","עדכן מוצר"
"Update product image","עדכן תמונת מוצר"
"Update product link","עדכן קישור למוצר"
"Update product tier prices","עדכן נתוני תמחודןזקר שכבות למוצר"
"Upload new product image ","העלה תמונת מוצר חדשה"
"Url Rewrite Management","ניהול שכתוב כתובות URL"
"Use Canonical Link Meta Tag For Categories","השתמש בקישורי מטה תג המקובלים עבור הקטגוריות"
"Use Canonical Link Meta Tag For Products","השתמש בקישורי מטה תג המקובלים עבור הקטגוריות"
"Use Categories Path for Product URLs","השתמש בנתיב הקטגוריות עבור כתובות URL של מוצרים"
"Use Config Settings","השתמש בהגדרות המוגדרות"
"Use Default Value","השתמש בברית המחדל"
"Use Flat Catalog Category","השתמש בקטגורית קטלוג flat"
"Use Flat Catalog Product","השתמש במוצר קטלוג flat"
"Use In Layered Navigation","השתמש בניווט layered"
"Use In Search Results Layered Navigation","השתמש בתוצאות החיפוש של ניווט layered"
"Use JavaScript Calendar","השתמש ביומן JavaScript "
"Use Static URLs for Media Content in WYSIWYG for Catalog","השתמש בכתובות URL סטאטיות שבתוכן מדיה בוויסוויג עבור קטלוג."
"Use To Create Configurable Product","השתמש בכדי ליצור תצורת מוצר"
"Use Tree Like Category Sitemap","השתמש במפת אתר בתצורת עץ"
"Use config","השתמש בהגדרות מותאמות"
"Use default","השתמש בברית המחדל"
"Use for Promo Rule Conditions","השתמש עבור תנאי חוקים ראשיים"
"Use four-digit year format.","השתמש בפורמט ארבע סיפרתי לשנים."
"Use in Advanced Search","השתמש בחיפוש במתקדם"
"Use in Layered Navigation","השתמש בניווט layered"
"Use in Layered Navigation<br/>(Can be used only with catalog input type 'Dropdown')","השתמש בניווט layered<br/>(ניתן להשתמש רק כאשר קלט קטלוג הוא מסוג 'Dropdown')"
"Use in Quick Search","השתמש בחיפוש מהיר"
"Used for Sorting in Product Listing","השתמש כדי למיין רשימת מוצרים "
"Used in Product Listing","לשימוש ברשימות מוצרים"
"Value for ""%s"" is invalid.","עדך ""%s"" לא תקין."
"Value for ""%s"" is invalid: %s","ערך עבור ""%s"" לא תקין: %s"
"Varchar","תו"
"View as","הצג כ-"
"Virtual Product","מוצר וירטואלי"
"Visibility","גלוי"
"Visible","גלוי"
"Visible on Catalog Pages on Front-end","גלוי בדפי הקטלוג באתר"
"Visible on Product View Page on Front-end","גלוי בדף מוצר"
"WYSIWYG Editor","עורך וויסוויג"
"Watermark","סימן מים"
"Watermark Default Size","סימן מים - גודל ברירת מחדל"
"Watermark Opacity, Percent","עמימות סימן מים, אחוז"
"Watermark Position","מיקום סימן מים"
"We Also Recommend","אנחנו ממליצים"
"Website","אתר"
"Websites","אתרים"
"Whether to show ""All"" option in the ""Show X Per Page"" dropdown.","האם להראות את אפשרות   ""כלל"" ב  ""הראה X בכל עמוד"" תפריט dropdown."
"Wrong BuyRequest instance in options group.","נבחה ערכאת בקשת רכישה שגויה בקבוצת אפשרויות."
"Wrong configuration item instance in options group.","נבחרה ערכאת תצורת פריט שגויה בקבוצת אפשרויות"
"Wrong configuration item option instance in options group.","נבחרה אפשרות ערכאת תצורת פריט שגויה בקבוצת אפשרויות"
"Wrong option instance type in options group."," סוג אפשרויות שגוי לקבלת קבוצת אפשרויות"
"Wrong option type to get group instance."," סוג אפשרויות שגוי לקבלת קבוצת ערכאות"
"Wrong product instance type in options group.","קבוצת אפשרויות של סוג ערכאת מוצר שגויה "
"Wrong product type filter specified","נבחר סוג פילטר סוגי מוצרים שגוי"
"Wrong product type to extract configurable options.","סוג מוצר שגוי לביצוע משיכה של הגדרת אפשרויות"
"Year Range","טווח שנים"
"Yes","כן"
"You cannot email this product to a friend.","אתה לא יכול לשלוח מוצר זה לחבר"
"You cannot remove system attribute from this set.","אתה לא יכול להסיר אפשרויות מערכת מסט זה"
"You cannot send more than %d emails at a time.","אתה לא יכול לשלוח יותר מ %d מיילים בבת אחת."
"You have exceeded limit of %d sends in an hour.","עברת את מכסת  %d שליחות בשעה אחת."
"You have no items to compare.","אין לך מוצרים להשוואה"
"You have to specify at least one recipient.","לא בחרת לפחות יעד אחד למשלוח"
"You may also be interested in the following product(s)","ייתכן שאתה מעוניין גם במוצר/ים הבא/ים"
"Zoom In","הגדל"
"Zoom Out","הקטן"
"[GLOBAL]","[גלובלי]"
"and","וגם"
"categories","קטגוריות"
"each","כל אחד"
"ex. http://domain.com","לדוגמא http://domain.com"
"leave blank if its not an image","השאר ריק אם לא תמונה"
"per page","לעמוד"
"products","מוצרים"
"px.","px."
"save","שמור"
"select all","בחר הכל"
"unselect all","הסר הכל"
"x","x"
"Name ","שם"
"Small Image","תמונה קטנה"